start	end	read1
0	36	True
2	37	True
4	39	False
5	41	False
8	43	False
12	47	True
12	48	False
14	49	True
17	52	True
21	56	False
21	56	False
23	59	True
27	62	True
28	63	True
30	65	True
35	70	True
36	71	False
42	77	False
48	84	True
49	84	False
50	85	True
51	87	False
58	93	False
59	95	True
59	94	True
60	95	False
60	95	True
62	97	False
66	101	False
69	104	False
72	107	True
78	113	False
78	113	False
78	113	True
79	114	False
94	129	True
94	129	False
99	134	True
99	134	False
102	137	True
109	144	True
111	146	False
112	147	True
112	147	False
118	153	True
118	153	False
120	155	False
122	157	True
125	160	True
127	162	False
128	163	False
130	165	True
132	167	True
134	169	True
134	169	False
134	169	True
134	169	False
137	172	False
139	174	True
141	176	False
146	181	True
152	187	False
153	188	True
158	193	False
162	197	True
163	198	True
164	199	True
166	201	False
169	204	False
172	207	True
173	208	False
174	209	False
175	210	False
180	215	False
180	215	False
180	215	False
181	217	True
181	216	True
184	219	False
186	221	False
187	221	True
192	227	False
192	227	False
194	230	True
194	229	True
197	232	True
199	235	False
199	234	False
204	239	True
205	240	False
205	240	False
208	243	True
208	243	False
208	243	True
209	244	False
210	245	True
212	247	True
212	247	True
212	247	False
213	248	True
214	249	False
214	249	False
215	250	False
215	250	True
217	252	True
218	253	True
219	254	False
220	256	False
221	257	True
222	257	False
223	259	False
223	259	True
223	259	False
226	266	False
227	262	False
228	263	False
228	263	False
228	263	True
229	264	False
229	264	True
230	265	True
230	265	True
231	266	False
233	268	True
234	269	False
235	270	False
235	270	True
235	275	True
235	275	False
236	271	True
237	272	False
239	274	False
245	280	True
245	280	False
246	281	True
246	282	False
247	282	False
249	284	True
249	284	True
253	288	True
253	288	True
255	290	True
255	290	False
258	293	False
260	295	False
262	297	False
262	297	True
264	299	False
265	305	False
266	301	True
268	304	True
270	305	True
271	311	False
274	310	False
277	312	False
282	317	True
283	318	False
284	319	False
284	319	False
284	319	True
286	321	True
286	321	True
286	321	False
287	322	False
287	322	True
289	324	True
290	325	True
292	326	True
293	328	True
294	329	True
295	330	False
295	330	False
295	330	False
295	330	True
296	331	False
298	333	False
298	333	False
300	335	False
300	335	False
301	336	False
302	337	True
303	338	True
304	339	False
304	339	True
310	345	False
311	346	True
314	349	True
314	349	False
315	350	True
317	352	False
320	355	False
321	356	False
322	357	True
324	359	False
327	362	False
327	362	False
328	364	False
328	363	False
329	364	True
331	366	False
331	367	False
333	368	True
333	368	True
335	370	True
336	372	True
336	370	True
336	371	True
336	371	False
339	374	False
339	374	True
339	374	True
340	375	False
340	375	False
340	375	True
340	375	False
342	377	True
342	377	True
343	378	False
343	378	True
346	381	False
346	381	True
347	382	True
349	384	False
349	384	False
349	384	True
352	387	True
352	388	True
352	387	False
352	387	True
353	393	False
355	391	False
355	390	True
356	391	True
356	392	True
356	389	True
358	393	True
359	394	True
360	395	True
361	396	True
362	397	True
362	397	False
363	398	True
364	399	False
367	402	True
367	402	True
369	404	False
370	405	True
370	405	True
371	406	False
372	408	False
372	407	False
373	408	True
376	411	False
376	411	False
377	412	False
378	413	False
378	413	False
379	414	True
379	414	True
380	416	False
380	415	False
381	415	True
381	416	True
383	418	False
385	420	False
386	426	True
386	422	True
386	421	True
388	423	True
388	423	False
388	423	False
390	425	False
391	426	True
391	426	False
391	426	False
392	427	False
393	428	False
393	428	False
393	428	True
395	430	True
395	430	True
396	436	True
397	432	True
398	433	False
399	433	True
400	435	False
401	436	False
402	437	False
402	437	True
403	439	True
405	440	True
407	442	True
409	444	True
410	445	False
410	445	True
410	445	False
411	446	True
411	446	False
412	447	False
414	448	True
414	449	True
414	450	True
414	449	True
416	452	False
417	452	True
417	452	True
419	454	True
419	454	False
424	459	True
426	461	False
427	462	False
427	462	True
428	463	False
429	464	True
430	465	False
430	465	True
432	467	True
432	467	False
433	468	False
434	474	True
435	470	True
435	470	False
436	471	False
436	471	True
436	471	False
436	471	True
436	471	False
438	473	False
439	474	True
441	476	True
445	480	False
445	480	True
445	480	True
445	480	True
445	485	True
446	481	False
448	484	False
449	484	False
450	485	False
450	486	True
451	486	True
451	486	False
452	487	True
452	487	True
452	487	False
453	488	True
453	488	True
456	492	False
457	492	False
458	493	False
461	496	True
462	497	True
463	498	False
464	500	True
466	501	True
467	502	True
469	504	True
469	504	True
470	505	False
471	506	False
471	506	False
472	507	False
473	508	True
475	510	False
476	512	True
476	511	False
476	511	True
478	513	True
479	514	False
479	513	True
479	512	True
479	514	False
480	515	True
480	515	False
481	516	False
483	518	True
485	520	True
487	522	True
488	523	True
489	525	True
489	524	False
489	524	False
490	525	True
492	527	True
492	527	True
493	528	True
493	528	False
493	528	True
493	528	True
494	529	False
495	530	False
495	531	True
496	531	True
498	533	False
501	536	True
501	536	True
501	536	False
502	538	True
502	537	False
502	537	False
503	538	False
504	538	True
506	541	True
507	542	True
508	543	False
509	544	True
510	545	True
511	546	False
511	547	False
511	546	False
512	547	False
514	549	True
514	549	False
514	549	False
516	556	True
517	552	True
519	553	True
519	554	False
520	556	False
520	555	True
521	556	False
523	563	False
523	558	True
523	558	False
524	559	False
524	559	True
525	560	False
525	560	True
525	560	False
526	561	True
527	567	True
528	563	True
529	564	False
530	565	False
533	568	True
533	569	False
536	572	True
537	572	True
537	577	False
539	574	False
539	575	False
540	575	True
540	575	True
541	576	False
541	576	True
542	577	True
543	578	False
544	580	True
546	581	False
547	582	False
548	583	True
548	583	True
549	584	False
550	585	False
551	586	True
551	586	True
553	588	True
555	590	False
556	592	False
558	593	False
558	593	True
559	594	False
559	594	False
560	595	True
561	596	True
561	596	True
561	596	True
561	596	True
562	597	True
562	597	True
562	597	True
564	600	True
566	601	True
567	602	True
567	602	True
567	602	True
569	604	False
570	605	False
570	605	False
571	606	False
572	607	False
573	608	False
574	609	False
575	610	False
575	610	True
577	612	False
577	612	True
578	613	True
580	615	False
581	616	False
581	616	True
583	618	True
583	618	True
585	621	False
585	620	False
586	621	True
586	626	True
587	622	True
587	622	True
588	623	False
589	625	False
590	625	False
591	626	True
592	627	True
592	627	False
592	627	False
592	627	False
593	628	True
594	630	False
595	630	True
595	630	True
596	631	False
597	632	False
597	632	False
597	632	False
598	633	False
598	633	False
598	633	True
599	634	False
599	634	False
603	638	True
603	637	True
603	638	False
605	640	False
605	640	True
606	641	True
606	641	True
608	644	False
609	645	False
609	644	True
610	645	False
613	648	False
614	649	True
615	650	True
618	653	True
619	654	False
620	655	True
620	655	False
621	656	True
623	663	True
623	658	True
625	660	False
626	661	True
626	661	True
628	663	False
630	665	True
630	665	True
630	664	True
631	666	True
631	671	False
633	668	True
633	668	True
633	668	False
634	669	True
634	669	True
639	674	True
640	676	True
640	675	True
641	676	True
642	677	False
644	679	False
645	680	False
645	680	False
647	682	False
649	684	True
649	684	True
650	685	False
650	685	True
650	686	False
651	686	False
651	691	False
651	686	True
651	686	False
651	686	False
651	686	True
654	689	False
654	689	False
655	690	False
657	692	False
659	694	False
659	695	False
662	697	False
665	700	False
666	701	False
667	707	True
668	703	True
669	704	True
669	704	False
670	705	False
671	707	False
672	707	True
672	707	False
673	708	True
673	708	False
674	710	False
675	711	True
678	713	False
678	713	True
679	714	True
680	715	True
680	715	False
681	716	False
682	717	True
682	717	False
683	718	False
684	720	True
684	719	True
684	719	False
685	720	True
685	720	False
686	726	False
687	722	True
687	722	False
688	723	True
690	725	False
690	725	False
693	728	False
694	729	True
697	732	True
697	732	True
697	732	False
699	734	True
700	735	True
703	738	False
704	739	False
704	739	False
708	743	False
710	745	False
710	746	True
711	746	False
712	748	False
715	750	False
716	751	False
716	751	False
718	753	True
718	754	True
719	754	False
720	756	False
721	757	True
722	757	False
725	761	False
726	761	True
727	762	False
728	763	False
728	763	False
729	764	False
729	764	True
730	765	False
730	765	False
732	767	False
733	768	True
739	775	False
739	775	True
739	774	True
742	777	False
742	777	False
744	779	False
744	779	False
745	781	True
746	781	True
747	782	False
749	784	True
749	784	False
750	785	True
750	785	True
751	786	True
751	786	True
751	786	False
753	788	True
754	789	True
754	789	True
754	789	True
755	790	True
755	790	False
755	795	False
756	791	True
756	791	False
756	791	False
758	792	True
760	795	False
761	796	False
763	799	False
766	801	True
767	802	True
767	802	True
767	802	False
769	804	False
769	804	False
770	805	False
771	805	True
772	807	False
772	807	True
773	808	False
775	810	True
776	811	True
776	812	True
776	811	True
777	812	False
778	813	True
780	815	False
781	816	True
782	817	True
782	817	False
783	819	True
783	818	True
783	818	False
784	819	False
785	820	False
785	820	True
786	821	False
787	827	False
788	823	False
788	823	True
788	823	False
789	824	True
789	824	True
790	825	True
790	825	False
791	826	True
792	827	True
793	828	False
794	829	False
797	832	False
797	832	True
797	832	True
797	832	True
798	833	True
801	836	False
801	841	True
802	837	True
802	837	True
804	839	True
804	839	False
804	839	True
805	840	False
811	846	False
811	846	True
812	847	True
813	848	False
813	853	True
816	851	True
817	852	True
817	852	False
818	853	True
819	854	False
820	855	False
821	856	False
821	856	False
822	857	True
822	857	True
829	864	True
830	865	False
836	871	True
837	872	True
838	873	False
838	873	False
839	874	False
840	875	False
840	875	True
841	876	False
841	876	False
842	877	False
842	877	True
842	878	False
845	880	False
846	881	True
848	883	False
850	885	True
853	888	False
854	890	False
854	890	False
855	890	False
856	891	False
858	893	True
861	896	True
861	896	True
862	897	False
862	897	False
863	898	False
865	900	True
865	900	False
867	902	False
867	902	True
867	902	True
867	902	False
868	903	True
868	903	False
869	904	True
869	904	False
870	906	False
870	905	False
870	905	True
873	908	True
874	909	False
874	909	False
878	913	False
878	913	True
879	914	True
879	914	False
879	914	True
880	915	False
881	916	False
884	919	False
884	919	True
884	919	False
884	919	False
885	920	True
887	922	True
887	922	False
888	923	False
890	925	True
890	925	True
891	926	True
892	932	True
893	928	False
893	928	True
894	929	False
894	929	True
895	931	True
897	932	True
899	934	True
899	934	True
901	937	True
902	937	True
904	939	False
904	939	True
904	939	False
906	941	True
907	942	False
909	944	False
910	945	True
912	947	True
913	948	True
914	949	True
914	949	False
916	951	False
918	953	True
919	954	False
919	954	True
919	954	True
919	954	True
919	954	False
919	954	True
920	955	False
922	958	False
922	957	False
924	959	False
925	960	False
925	960	False
926	961	True
926	962	True
926	961	False
927	962	True
928	963	False
929	965	True
929	964	True
931	966	True
932	967	True
933	967	True
935	970	True
935	970	True
937	972	True
937	972	True
937	972	False
938	973	False
938	973	True
939	974	True
939	974	False
942	977	True
945	980	False
948	984	True
950	985	False
952	987	False
952	987	False
952	987	True
953	988	False
953	988	True
956	991	False
957	992	True
957	992	False
958	993	False
959	994	False
960	995	False
961	996	False
962	997	False
962	997	False
963	998	False
964	999	False
964	999	False
969	1004	True
970	1005	False
971	1006	True
972	1007	False
973	1008	True
974	1009	False
975	1010	True
980	1016	True
980	1015	False
980	1015	False
981	1016	False
981	1016	False
982	1017	False
982	1018	True
983	1018	False
984	1019	True
984	1019	True
984	1019	True
986	1021	True
986	1021	True
989	1024	False
989	1024	True
991	1026	False
991	1026	False
993	1028	True
994	1029	True
994	1029	True
995	1030	False
995	1030	True
996	1031	True
997	1032	False
998	1033	True
998	1033	False
998	1033	True
999	1034	True
1000	1035	True
1001	1036	True
1001	1036	False
1003	1038	False
1004	1039	False
1004	1039	True
1005	1040	True
1007	1043	False
1008	1043	True
1009	1044	True
1009	1044	True
1011	1046	True
1012	1047	True
1012	1047	True
1012	1047	False
1014	1049	False
1014	1049	False
1015	1050	True
1017	1052	True
1017	1053	True
1018	1053	True
1018	1053	False
1018	1053	True
1019	1053	True
1020	1054	True
1020	1055	False
1024	1060	False
1024	1059	False
1025	1060	True
1025	1060	False
1029	1065	True
1029	1064	True
1031	1066	False
1032	1067	True
1032	1067	True
1032	1067	True
1034	1070	False
1034	1069	True
1035	1071	True
1036	1071	True
1037	1072	False
1039	1074	False
1039	1074	True
1040	1075	True
1040	1075	True
1043	1078	True
1043	1083	False
1043	1078	False
1047	1083	True
1047	1082	True
1047	1082	True
1047	1082	True
1047	1082	False
1049	1084	False
1049	1084	False
1051	1086	False
1051	1086	False
1051	1086	False
1051	1086	True
1055	1091	False
1055	1090	False
1055	1090	True
1056	1091	True
1057	1092	False
1060	1095	True
1060	1095	True
1063	1098	False
1063	1098	False
1065	1100	True
1066	1101	False
1066	1101	False
1067	1102	False
1067	1107	False
1068	1103	False
1068	1103	False
1069	1104	False
1070	1105	False
1070	1105	False
1070	1105	True
1070	1105	False
1071	1106	False
1071	1106	True
1071	1106	True
1072	1107	False
1072	1107	False
1073	1109	False
1073	1108	True
1074	1109	True
1074	1109	False
1074	1109	True
1074	1109	False
1075	1110	True
1076	1111	True
1077	1112	False
1078	1113	True
1079	1114	True
1080	1115	True
1080	1116	True
1081	1115	True
1081	1116	True
1081	1116	True
1082	1117	False
1083	1118	False
1083	1118	True
1084	1119	False
1085	1120	False
1086	1121	False
1086	1121	True
1087	1122	False
1087	1122	True
1087	1122	False
1091	1126	False
1092	1127	False
1093	1128	False
1093	1128	False
1094	1129	False
1095	1130	False
1095	1130	False
1097	1132	False
1097	1132	True
1097	1132	False
1097	1132	True
1098	1133	False
1098	1133	True
1099	1134	True
1099	1134	False
1101	1136	False
1101	1137	True
1102	1137	False
1102	1137	False
1104	1140	False
1104	1139	True
1105	1141	False
1105	1140	False
1106	1141	True
1107	1142	True
1107	1142	False
1108	1143	False
1108	1143	False
1109	1144	False
1109	1144	True
1109	1144	False
1109	1144	True
1109	1144	True
1111	1146	False
1111	1146	False
1111	1146	False
1111	1146	False
1116	1151	True
1118	1153	True
1118	1153	False
1120	1155	True
1120	1160	True
1120	1155	False
1120	1155	True
1121	1156	True
1125	1160	False
1128	1163	True
1131	1166	False
1132	1167	True
1133	1168	False
1135	1170	True
1135	1170	True
1136	1171	True
1136	1171	True
1137	1173	True
1137	1172	False
1138	1173	False
1138	1173	True
1141	1176	False
1141	1176	True
1141	1176	True
1142	1177	True
1143	1178	False
1144	1179	False
1145	1180	True
1146	1181	True
1147	1182	False
1149	1184	False
1150	1185	False
1150	1185	False
1152	1192	True
1153	1188	True
1153	1189	False
1155	1190	False
1155	1190	True
1155	1190	True
1156	1191	False
1157	1192	True
1158	1193	False
1158	1193	True
1158	1193	True
1159	1194	True
1159	1194	False
1160	1195	True
1160	1195	False
1162	1197	True
1163	1199	True
1163	1198	True
1164	1199	False
1165	1200	False
1166	1201	False
1166	1201	False
1167	1202	False
1167	1202	False
1168	1203	False
1170	1205	True
1170	1206	False
1171	1206	False
1172	1207	False
1174	1209	False
1174	1209	False
1175	1211	False
1177	1212	True
1177	1212	False
1179	1214	True
1179	1214	False
1179	1214	True
1180	1215	True
1181	1216	False
1185	1220	True
1188	1223	True
1188	1223	False
1189	1224	True
1189	1224	False
1191	1227	True
1192	1227	True
1192	1227	False
1193	1228	False
1194	1229	False
1195	1231	True
1196	1231	True
1197	1233	True
1197	1237	True
1199	1234	False
1201	1236	True
1202	1237	True
1203	1238	True
1204	1239	False
1204	1244	True
1204	1239	False
1207	1242	True
1209	1245	False
1210	1245	False
1211	1246	True
1211	1246	False
1212	1248	False
1212	1247	True
1213	1248	False
1214	1249	False
1214	1249	True
1217	1252	False
1222	1257	True
1223	1258	True
1223	1258	True
1225	1260	True
1226	1261	True
1227	1263	True
1227	1262	False
1230	1265	False
1231	1266	True
1231	1266	True
1232	1267	True
1232	1268	True
1232	1267	True
1236	1271	False
1236	1271	True
1237	1272	True
1238	1273	False
1239	1274	False
1239	1274	True
1240	1275	False
1241	1276	False
1241	1276	True
1242	1277	True
1242	1277	False
1243	1278	True
1243	1278	True
1244	1280	True
1244	1279	False
1246	1281	True
1248	1283	True
1249	1284	False
1250	1285	True
1250	1285	False
1251	1286	False
1251	1286	True
1253	1289	False
1253	1288	True
1255	1290	False
1256	1291	True
1257	1292	True
1258	1293	True
1259	1294	False
1261	1297	True
1261	1296	True
1261	1296	True
1262	1297	True
1262	1297	True
1264	1299	False
1264	1299	False
1265	1300	False
1265	1300	False
1265	1300	True
1266	1301	True
1267	1302	True
1268	1303	True
1269	1304	False
1270	1305	True
1271	1306	True
1271	1306	True
1272	1307	True
1273	1308	True
1275	1311	True
1277	1312	True
1277	1312	False
1279	1314	False
1280	1316	True
1280	1315	False
1284	1319	False
1284	1319	True
1284	1319	True
1285	1320	False
1285	1320	False
1286	1321	True
1287	1322	True
1287	1322	True
1287	1322	True
1288	1324	True
1289	1324	True
1290	1325	True
1292	1327	True
1292	1332	False
1293	1328	False
1293	1328	False
1294	1329	True
1294	1329	False
1295	1330	False
1295	1330	False
1296	1332	False
1296	1331	True
1296	1331	True
1297	1332	True
1297	1332	True
1297	1332	True
1298	1333	True
1300	1335	True
1300	1334	True
1300	1340	False
1301	1336	True
1303	1343	False
1304	1339	True
1304	1339	False
1305	1340	True
1305	1340	True
1305	1340	True
1306	1341	True
1307	1342	False
1308	1344	False
1310	1345	True
1310	1345	True
1312	1347	True
1312	1346	True
1312	1348	False
1312	1347	True
1313	1349	False
1313	1348	False
1313	1348	False
1315	1350	True
1317	1352	False
1317	1352	False
1319	1354	False
1319	1354	False
1319	1354	True
1319	1354	True
1320	1360	False
1320	1355	False
1320	1355	False
1321	1361	False
1321	1356	True
1323	1358	False
1323	1358	True
1324	1359	False
1324	1359	True
1324	1359	False
1325	1360	False
1325	1361	False
1325	1361	False
1325	1360	True
1326	1361	True
1326	1361	False
1326	1361	False
1327	1362	True
1329	1364	False
1330	1366	True
1330	1365	True
1330	1365	True
1331	1366	False
1331	1366	False
1332	1367	True
1332	1367	True
1332	1367	True
1334	1369	False
1334	1369	False
1334	1369	True
1335	1370	False
1335	1370	False
1336	1371	False
1338	1373	False
1339	1375	True
1339	1374	False
1339	1374	False
1339	1374	True
1339	1374	False
1339	1374	True
1340	1375	False
1342	1377	True
1342	1377	False
1343	1378	True
1344	1379	True
1346	1381	False
1347	1382	True
1347	1382	False
1347	1382	False
1348	1383	False
1349	1384	True
1350	1385	False
1350	1386	True
1353	1387	True
1353	1388	False
1355	1390	True
1355	1390	True
1359	1394	False
1359	1394	True
1362	1397	False
1362	1397	False
1363	1398	False
1363	1398	False
1364	1399	False
1365	1400	True
1366	1401	True
1367	1402	True
1367	1407	True
1368	1403	False
1369	1404	False
1370	1405	True
1371	1406	True
1371	1406	False
1371	1406	False
1372	1407	True
1373	1408	False
1373	1408	False
1378	1413	False
1380	1415	True
1380	1415	False
1384	1424	False
1387	1422	True
1388	1423	True
1391	1426	False
1393	1428	False
1393	1428	False
1397	1432	True
1397	1432	False
1398	1433	True
1401	1436	True
1402	1437	False
1404	1439	False
1409	1444	True
1409	1444	True
1417	1452	False
1418	1454	False
1420	1456	False
1425	1460	True
1426	1461	True
1427	1462	False
1427	1462	False
1428	1463	False
1434	1469	True
1434	1469	False
1435	1470	True
1435	1470	True
1437	1472	False
1441	1476	True
1443	1478	False
1445	1481	False
1447	1482	False
1448	1483	False
1454	1489	False
1460	1495	False
1460	1495	False
1460	1495	True
1461	1496	False
1464	1499	False
1464	1499	False
1464	1499	True
1466	1501	False
1468	1503	False
1468	1503	False
1468	1503	False
1471	1507	False
1472	1507	False
1472	1507	False
1473	1509	True
1473	1513	True
1477	1512	False
1478	1513	False
1479	1514	False
1479	1519	True
1479	1514	False
1480	1515	True
1480	1515	True
1481	1517	True
1482	1517	True
1482	1517	True
1483	1518	True
1484	1519	False
1484	1519	True
1485	1520	False
1485	1520	True
1485	1520	False
1486	1521	False
1486	1521	True
1487	1522	True
1488	1523	True
1488	1523	True
1492	1527	True
1493	1529	False
1493	1528	False
1496	1531	True
1497	1532	False
1498	1533	False
1499	1534	True
1499	1534	True
1499	1534	True
1499	1534	False
1500	1535	True
1500	1535	True
1500	1535	False
1500	1536	True
1501	1541	True
1502	1537	True
1503	1538	False
1506	1541	False
1506	1541	True
1509	1544	False
1509	1544	True
1511	1547	False
1511	1546	True
1511	1545	True
1512	1547	True
1512	1547	True
1513	1549	True
1513	1548	False
1514	1549	False
1514	1549	False
1514	1549	False
1516	1551	False
1517	1552	True
1519	1554	False
1520	1555	False
1521	1555	True
1522	1557	True
1523	1558	False
1523	1558	True
1524	1559	True
1524	1564	False
1526	1561	True
1526	1561	False
1527	1562	True
1528	1563	False
1528	1563	False
1530	1565	True
1531	1566	False
1531	1566	False
1532	1567	False
1533	1568	True
1534	1569	False
